<?xml version="1.0" encoding="UTF-8"?>
<beans xmlns="http://www.springframework.org/schema/beans"
       xmlns:xsi="http://www.w3.org/2001/XMLSchema-instance"
       xmlns:context="http://www.springframework.org/schema/context"
       xmlns:mvc="http://www.springframework.org/schema/mvc"
       xsi:schemaLocation="http://www.springframework.org/schema/beans
           http://www.springframework.org/schema/beans/spring-beans.xsd
           http://www.springframework.org/schema/context
           http://www.springframework.org/schema/context/spring-context.xsd
           http://www.springframework.org/schema/mvc
           http://www.springframework.org/schema/mvc/spring-mvc.xsd">
    <context:component-scan base-package="org.example"/>
    <mvc:annotation-driven/>
    <!-- Создаём бины thymeleaf (стандартная конфигурация, описанная в документации шаблонизатора) -->
    <bean id="templateResolver" class="org.thymeleaf.spring6.templateresolver.SpringResourceTemplateResolver">
        <property name="prefix" value="/WEB-INF/views/"/> <!-- Путь к размещению шаблонов -->
        <property name="suffix" value=".html"/> <!-- Тип файлов шаблонов -->
    </bean>
    <bean id="templateEngine" class="org.thymeleaf.spring6.SpringTemplateEngine">
        <property name="templateResolver" ref="templateResolver"/>
        <property name="enableSpringELCompiler" value="true"/> <!-- Подключение SpEL https://docs.spring.io/spring-framework/docs/3.0.x/reference/expressions.html -->
    </bean>
    <bean class="org.thymeleaf.spring6.view.ThymeleafViewResolver">
        <property name="templateEngine" ref="templateEngine"/>
        <property name="viewNames" value="*"/>
    </bean>
</beans>