<?xml version="1.0" encoding="UTF-8"?>
<beans xmlns="http://www.springframework.org/schema/beans"
       xmlns:xsi="http://www.w3.org/2001/XMLSchema-instance"
       xsi:schemaLocation="http://www.springframework.org/schema/beans
           http://www.springframework.org/schema/beans/spring-beans.xsd">
    <!--    1 Create bean     -->
    <bean id="firstBean" class="org.example.pojo.FirstBean">
        <constructor-arg value="Mr. First"/>
    </bean>
    <!--    2 Create bean with constructor injection    -->
    <bean id="businessLogic" class="org.example.pojo.BusinessLogicImpl"/>

    <bean id="secondBean" class="org.example.pojo.SecondBean">
        <constructor-arg value="Mr. Second"/>
        <constructor-arg ref="businessLogic"/>
    </bean>

    <!--    3 Create bean with setter injection    -->
    <bean id="thirdBean" class="org.example.pojo.ThirdBean" scope="prototype">
        <property name="firstBean" ref="firstBean"/>
        <property name="businessLogic" ref="businessLogic"/>
    </bean>
</beans>