{
	"info": {
		"_postman_id": "efade4f7-7da7-49ee-b673-7b8eeb7f76ba",
		"name": "Spring MVC RestController requests",
		"schema": "https://schema.getpostman.com/json/collection/v2.1.0/collection.json",
		"_exporter_id": "18179457"
	},
	"item": [
		{
			"name": "Create User 0",
			"request": {
				"method": "POST",
				"header": [],
				"body": {
					"mode": "raw",
					"raw": "{\r\n    \"id\": null,\r\n    \"firstName\": \"Boris\",\r\n    \"lastName\": \"Johnson\",\r\n    \"birthDate\": null,\r\n    \"email\": \"funny_boris@gmail.uk\"\r\n}\r\n",
					"options": {
						"raw": {
							"language": "json"
						}
					}
				},
				"url": {
					"raw": "http://localhost:8080/users",
					"protocol": "http",
					"host": [
						"localhost"
					],
					"port": "8080",
					"path": [
						"users"
					]
				}
			},
			"response": []
		},
		{
			"name": "Create User 1",
			"request": {
				"method": "POST",
				"header": [],
				"body": {
					"mode": "raw",
					"raw": "{\r\n    \"id\": null,\r\n    \"firstName\": \"Donald\",\r\n    \"lastName\": \"Duck\",\r\n    \"birthDate\": null,\r\n    \"email\": \"donald@ducks.burg\"\r\n}\r\n",
					"options": {
						"raw": {
							"language": "json"
						}
					}
				},
				"url": {
					"raw": "http://localhost:8080/users",
					"protocol": "http",
					"host": [
						"localhost"
					],
					"port": "8080",
					"path": [
						"users"
					]
				}
			},
			"response": []
		},
		{
			"name": "Create User 2",
			"protocolProfileBehavior": {
				"disabledSystemHeaders": {
					"user-agent": true
				}
			},
			"request": {
				"method": "POST",
				"header": [
					{
						"key": "User-Agent",
						"value": "Another agent",
						"type": "text"
					}
				],
				"body": {
					"mode": "raw",
					"raw": "{\r\n    \"id\": null,\r\n    \"firstName\": \"Tommy\",\r\n    \"lastName\": \"Trouble\",\r\n    \"birthDate\": null,\r\n    \"email\": \"t_t@jail.in\"\r\n}\r\n",
					"options": {
						"raw": {
							"language": "json"
						}
					}
				},
				"url": {
					"raw": "http://localhost:8080/users",
					"protocol": "http",
					"host": [
						"localhost"
					],
					"port": "8080",
					"path": [
						"users"
					]
				}
			},
			"response": []
		},
		{
			"name": "Get Users by last name prefix",
			"request": {
				"method": "GET",
				"header": [],
				"url": {
					"raw": "http://localhost:8080/users?lastNameStartsWith=T",
					"protocol": "http",
					"host": [
						"localhost"
					],
					"port": "8080",
					"path": [
						"users"
					],
					"query": [
						{
							"key": "lastNameStartsWith",
							"value": "T"
						}
					]
				}
			},
			"response": []
		},
		{
			"name": "Get All Users",
			"request": {
				"method": "GET",
				"header": [],
				"url": {
					"raw": "http://localhost:8080/users/0",
					"protocol": "http",
					"host": [
						"localhost"
					],
					"port": "8080",
					"path": [
						"users",
						"0"
					]
				}
			},
			"response": []
		},
		{
			"name": "Get User by id",
			"request": {
				"method": "GET",
				"header": [],
				"url": {
					"raw": "http://localhost:8080/users",
					"protocol": "http",
					"host": [
						"localhost"
					],
					"port": "8080",
					"path": [
						"users"
					]
				}
			},
			"response": []
		},
		{
			"name": "Get Statistics",
			"request": {
				"method": "GET",
				"header": [],
				"url": {
					"raw": "http://localhost:8080/statistics",
					"protocol": "http",
					"host": [
						"localhost"
					],
					"port": "8080",
					"path": [
						"statistics"
					]
				}
			},
			"response": []
		}
	]
}