{
	"info": {
		"_postman_id": "317c9b66-eec7-4c04-9ade-5c57f5b563a9",
		"name": "Spring Data SpringRelationsExample",
		"schema": "https://schema.getpostman.com/json/collection/v2.1.0/collection.json",
		"_exporter_id": "18179457"
	},
	"item": [
		{
			"name": "user",
			"item": [
				{
					"name": "Create",
					"item": [
						{
							"name": "Create User 0",
							"request": {
								"method": "POST",
								"header": [
									{
										"key": "x-block-this-request",
										"value": "true",
										"type": "text",
										"disabled": true
									}
								],
								"body": {
									"mode": "raw",
									"raw": "{\r\n    \"firstName\": \"Boris\",\r\n    \"lastName\": \"Johnson\",\r\n    \"birthDate\": null,\r\n    \"email\": \"funny_boris@gmail.uk\"\r\n}\r\n",
									"options": {
										"raw": {
											"language": "json"
										}
									}
								},
								"url": {
									"raw": "http://localhost:8080/users",
									"protocol": "http",
									"host": [
										"localhost"
									],
									"port": "8080",
									"path": [
										"users"
									]
								}
							},
							"response": []
						},
						{
							"name": "Create User 1",
							"request": {
								"method": "POST",
								"header": [],
								"body": {
									"mode": "raw",
									"raw": "{\r\n    \"firstName\": \"Donald\",\r\n    \"lastName\": \"Duck\",\r\n    \"birthDate\": null,\r\n    \"email\": \"donald@ducks.burg\"\r\n}\r\n",
									"options": {
										"raw": {
											"language": "json"
										}
									}
								},
								"url": {
									"raw": "http://localhost:8080/users",
									"protocol": "http",
									"host": [
										"localhost"
									],
									"port": "8080",
									"path": [
										"users"
									]
								}
							},
							"response": []
						},
						{
							"name": "Create User 2",
							"protocolProfileBehavior": {
								"disabledSystemHeaders": {
									"user-agent": true
								}
							},
							"request": {
								"method": "POST",
								"header": [
									{
										"key": "User-Agent",
										"value": "Another agent",
										"type": "text"
									}
								],
								"body": {
									"mode": "raw",
									"raw": "{\r\n    \"firstName\": \"Tommy\",\r\n    \"lastName\": \"Trouble\",\r\n    \"birthDate\": null,\r\n    \"email\": \"t_t@jail.in\"\r\n}\r\n",
									"options": {
										"raw": {
											"language": "json"
										}
									}
								},
								"url": {
									"raw": "http://localhost:8080/users",
									"protocol": "http",
									"host": [
										"localhost"
									],
									"port": "8080",
									"path": [
										"users"
									]
								}
							},
							"response": []
						}
					]
				},
				{
					"name": "Get",
					"item": [
						{
							"name": "Get Users by last name prefix",
							"request": {
								"method": "GET",
								"header": [],
								"url": {
									"raw": "http://localhost:8080/users?lastNameStartsWith=T",
									"protocol": "http",
									"host": [
										"localhost"
									],
									"port": "8080",
									"path": [
										"users"
									],
									"query": [
										{
											"key": "lastNameStartsWith",
											"value": "T"
										}
									]
								}
							},
							"response": []
						},
						{
							"name": "Get All Users",
							"request": {
								"method": "GET",
								"header": [],
								"url": {
									"raw": "http://localhost:8080/users",
									"protocol": "http",
									"host": [
										"localhost"
									],
									"port": "8080",
									"path": [
										"users"
									]
								}
							},
							"response": []
						},
						{
							"name": "Get User by id",
							"request": {
								"method": "GET",
								"header": [],
								"url": {
									"raw": "http://localhost:8080/users/1",
									"protocol": "http",
									"host": [
										"localhost"
									],
									"port": "8080",
									"path": [
										"users",
										"1"
									]
								}
							},
							"response": []
						},
						{
							"name": "Get ExtendedUser by id",
							"request": {
								"method": "GET",
								"header": [],
								"url": {
									"raw": "http://localhost:8080/users/1/extended",
									"protocol": "http",
									"host": [
										"localhost"
									],
									"port": "8080",
									"path": [
										"users",
										"1",
										"extended"
									]
								}
							},
							"response": []
						},
						{
							"name": "Get User by id Bad Validation",
							"request": {
								"method": "GET",
								"header": [],
								"url": {
									"raw": "http://localhost:8080/users/-1",
									"protocol": "http",
									"host": [
										"localhost"
									],
									"port": "8080",
									"path": [
										"users",
										"-1"
									]
								}
							},
							"response": []
						}
					]
				},
				{
					"name": "Delete",
					"item": [
						{
							"name": "Delete User by id",
							"request": {
								"method": "DELETE",
								"header": [],
								"url": {
									"raw": "http://localhost:8080/users/1",
									"protocol": "http",
									"host": [
										"localhost"
									],
									"port": "8080",
									"path": [
										"users",
										"1"
									]
								}
							},
							"response": []
						}
					]
				}
			]
		},
		{
			"name": "statistics",
			"item": [
				{
					"name": "Get Statistics",
					"request": {
						"method": "GET",
						"header": [],
						"url": {
							"raw": "http://localhost:8080/statistics",
							"protocol": "http",
							"host": [
								"localhost"
							],
							"port": "8080",
							"path": [
								"statistics"
							]
						}
					},
					"response": []
				}
			]
		},
		{
			"name": "order",
			"item": [
				{
					"name": "Create",
					"item": [
						{
							"name": "Create Order 1 for user 1",
							"request": {
								"method": "POST",
								"header": [
									{
										"key": "x-block-this-request",
										"value": "true",
										"type": "text",
										"disabled": true
									}
								],
								"body": {
									"mode": "raw",
									"raw": "{\r\n    \"userId\": 1,\r\n    \"itemIds\": [1, 3, 5]\r\n}\r\n",
									"options": {
										"raw": {
											"language": "json"
										}
									}
								},
								"url": {
									"raw": "http://localhost:8080/orders",
									"protocol": "http",
									"host": [
										"localhost"
									],
									"port": "8080",
									"path": [
										"orders"
									]
								}
							},
							"response": []
						},
						{
							"name": "Create Order 2 for user 1",
							"request": {
								"method": "POST",
								"header": [
									{
										"key": "x-block-this-request",
										"value": "true",
										"type": "text",
										"disabled": true
									}
								],
								"body": {
									"mode": "raw",
									"raw": "{\r\n    \"userId\": 1,\r\n    \"itemIds\": [2, 4, 6]\r\n}\r\n",
									"options": {
										"raw": {
											"language": "json"
										}
									}
								},
								"url": {
									"raw": "http://localhost:8080/orders",
									"protocol": "http",
									"host": [
										"localhost"
									],
									"port": "8080",
									"path": [
										"orders"
									]
								}
							},
							"response": []
						},
						{
							"name": "Create Order 1 for user 2",
							"request": {
								"method": "POST",
								"header": [
									{
										"key": "x-block-this-request",
										"value": "true",
										"type": "text",
										"disabled": true
									}
								],
								"body": {
									"mode": "raw",
									"raw": "{\r\n    \"userId\": 2,\r\n    \"itemIds\": [10, 11, 12, 13]\r\n}\r\n",
									"options": {
										"raw": {
											"language": "json"
										}
									}
								},
								"url": {
									"raw": "http://localhost:8080/orders",
									"protocol": "http",
									"host": [
										"localhost"
									],
									"port": "8080",
									"path": [
										"orders"
									]
								}
							},
							"response": []
						},
						{
							"name": "Create Order 1 for user 3",
							"request": {
								"method": "POST",
								"header": [
									{
										"key": "x-block-this-request",
										"value": "true",
										"type": "text",
										"disabled": true
									}
								],
								"body": {
									"mode": "raw",
									"raw": "{\r\n    \"userId\": 1,\r\n    \"itemIds\": [20, 21, 22]\r\n}\r\n",
									"options": {
										"raw": {
											"language": "json"
										}
									}
								},
								"url": {
									"raw": "http://localhost:8080/orders",
									"protocol": "http",
									"host": [
										"localhost"
									],
									"port": "8080",
									"path": [
										"orders"
									]
								}
							},
							"response": []
						}
					]
				},
				{
					"name": "Get",
					"item": [
						{
							"name": "Get Order by Id",
							"request": {
								"method": "GET",
								"header": [
									{
										"key": "x-block-this-request",
										"value": "true",
										"type": "text",
										"disabled": true
									}
								],
								"url": {
									"raw": "http://localhost:8080/orders/1",
									"protocol": "http",
									"host": [
										"localhost"
									],
									"port": "8080",
									"path": [
										"orders",
										"1"
									]
								}
							},
							"response": []
						},
						{
							"name": "Get Orders by userId=1",
							"request": {
								"method": "GET",
								"header": [
									{
										"key": "x-block-this-request",
										"value": "true",
										"type": "text",
										"disabled": true
									}
								],
								"url": {
									"raw": "http://localhost:8080/orders?userId=1",
									"protocol": "http",
									"host": [
										"localhost"
									],
									"port": "8080",
									"path": [
										"orders"
									],
									"query": [
										{
											"key": "userId",
											"value": "1"
										}
									]
								}
							},
							"response": []
						},
						{
							"name": "Get Orders by userId=2",
							"request": {
								"method": "GET",
								"header": [
									{
										"key": "x-block-this-request",
										"value": "true",
										"type": "text",
										"disabled": true
									}
								],
								"url": {
									"raw": "http://localhost:8080/orders?userId=2",
									"protocol": "http",
									"host": [
										"localhost"
									],
									"port": "8080",
									"path": [
										"orders"
									],
									"query": [
										{
											"key": "userId",
											"value": "2"
										}
									]
								}
							},
							"response": []
						}
					]
				},
				{
					"name": "Update Order with id=1",
					"request": {
						"method": "PUT",
						"header": [
							{
								"key": "x-block-this-request",
								"value": "true",
								"type": "text",
								"disabled": true
							}
						],
						"body": {
							"mode": "raw",
							"raw": "{\r\n    \"userId\": 1,\r\n    \"itemIds\": [5, 10, 15]\r\n}\r\n",
							"options": {
								"raw": {
									"language": "json"
								}
							}
						},
						"url": {
							"raw": "http://localhost:8080/orders/1",
							"protocol": "http",
							"host": [
								"localhost"
							],
							"port": "8080",
							"path": [
								"orders",
								"1"
							]
						}
					},
					"response": []
				},
				{
					"name": "Delete Order by Id",
					"request": {
						"method": "DELETE",
						"header": [
							{
								"key": "x-block-this-request",
								"value": "true",
								"type": "text",
								"disabled": true
							}
						],
						"url": {
							"raw": "http://localhost:8080/orders/1",
							"protocol": "http",
							"host": [
								"localhost"
							],
							"port": "8080",
							"path": [
								"orders",
								"1"
							]
						}
					},
					"response": []
				}
			]
		}
	]
}